<?xml version="1.0" encoding="utf-8" standalone="yes" ?>
<Window size="450,300" caption="0,0,0,90" bktrans="true" gdiplustext="true">

<Font id="0" name="微软雅黑" size="16" bold="true"/>
<Font id="1" name="微软雅黑" size="14" bold="false" />
<Font id="2" name="微软雅黑" size="13" bold="false" />
<Font id="3" name="微软雅黑" size="14" />

<Default name="VScrollBar" value="button1normalimage=&quot;file='scrollbar\scrollbar.png' source='0,90,16,106' mask='#FFFF00FF'&quot; button1hotimage=&quot;file='scrollbar\scrollbar.png' source='18,90,34,106' mask='#FFFF00FF'&quot; button1pushedimage=&quot;file='scrollbar\scrollbar.png' source='36,90,52,106' mask='#FFFF00FF'&quot; button1disabledimage=&quot;file='scrollbar\scrollbar.png' source='54,90,70,106' mask='#FFFF00FF'&quot; button2normalimage=&quot;file='scrollbar\scrollbar.png' source='0,108,16,124' mask='#FFFF00FF'&quot; button2hotimage=&quot;file='scrollbar\scrollbar.png' source='18,108,34,124' mask='#FFFF00FF'&quot; button2pushedimage=&quot;file='scrollbar\scrollbar.png' source='36,108,52,124' mask='#FFFF00FF'&quot; button2disabledimage=&quot;file='scrollbar\scrollbar.png' source='54,108,70,124' mask='#FFFF00FF'&quot; thumbnormalimage=&quot;file='scrollbar\scrollbar.png' source='0,126,16,142' corner='2,2,2,2' mask='#FFFF00FF'&quot; thumbhotimage=&quot;file='scrollbar\scrollbar.png' source='18,126,34,142' corner='2,2,2,2' mask='#FFFF00FF'&quot; thumbpushedimage=&quot;file='scrollbar\scrollbar.png' source='36,126,52,142' corner='2,2,2,2' mask='#FFFF00FF'&quot; thumbdisabledimage=&quot;file='scrollbar\scrollbar.png' source='54,126,70,142' corner='2,2,2,2' mask='#FFFF00FF'&quot; railnormalimage=&quot;file='scrollbar\scrollbar.png' source='0,144,16,160' corner='2,2,2,2' mask='#FFFF00FF'&quot; railhotimage=&quot;file='scrollbar\scrollbar.png' source='18,144,34,160' corner='2,2,2,2' mask='#FFFF00FF'&quot; railpushedimage=&quot;file='scrollbar\scrollbar.png' source='36,144,52,160' corner='2,2,2,2' mask='#FFFF00FF'&quot; raildisabledimage=&quot;file='scrollbar\scrollbar.png' source='54,144,70,160' corner='2,2,2,2' mask='#FFFF00FF'&quot; bknormalimage=&quot;file='scrollbar\scrollbar.png' source='0,162,16,178' corner='2,2,2,2' mask='#FFFF00FF'&quot; bkhotimage=&quot;file='scrollbar\scrollbar.png' source='18,162,34,178' corner='2,2,2,2' mask='#FFFF00FF'&quot; bkpushedimage=&quot;file='scrollbar\scrollbar.png' source='36,162,52,178' corner='2,2,2,2' mask='#FFFF00FF'&quot; bkdisabledimage=&quot;file='scrollbar\scrollbar.png' source='54,162,70,178' corner='2,2,2,2' mask='#FFFF00FF'&quot; " />
<Default name="HScrollBar" value="button1normalimage=&quot;file='scrollbar\scrollbar.png' source='0,0,16,16' mask='#FFFF00FF'&quot; button1hotimage=&quot;file='scrollbar\scrollbar.png' source='18,0,34,16' mask='#FFFF00FF'&quot; button1pushedimage=&quot;file='scrollbar\scrollbar.png' source='36,0,52,16' mask='#FFFF00FF'&quot; button1disabledimage=&quot;file='scrollbar\scrollbar.png' source='54,0,70,16' mask='#FFFF00FF'&quot; button2normalimage=&quot;file='scrollbar\scrollbar.png' source='0,18,16,34' mask='#FFFF00FF'&quot; button2hotimage=&quot;file='scrollbar\scrollbar.png' source='18,18,34,34' mask='#FFFF00FF'&quot; button2pushedimage=&quot;file='scrollbar\scrollbar.png' source='36,18,52,34' mask='#FFFF00FF'&quot; button2disabledimage=&quot;file='scrollbar\scrollbar.png' source='54,18,70,34' mask='#FFFF00FF'&quot; thumbnormalimage=&quot;file='scrollbar\scrollbar.png' source='0,36,16,52' corner='2,2,2,2' mask='#FFFF00FF'&quot; thumbhotimage=&quot;file='scrollbar\scrollbar.png' source='18,36,34,52' corner='2,2,2,2' mask='#FFFF00FF'&quot; thumbpushedimage=&quot;file='scrollbar\scrollbar.png' source='36,36,52,52' corner='2,2,2,2' mask='#FFFF00FF'&quot; thumbdisabledimage=&quot;file='scrollbar\scrollbar.png' source='54,36,70,52' corner='2,2,2,2' mask='#FFFF00FF'&quot; railnormalimage=&quot;file='scrollbar\scrollbar.png' source='0,54,16,70' corner='2,2,2,2' mask='#FFFF00FF'&quot; railhotimage=&quot;file='scrollbar\scrollbar.png' source='18,54,34,70' corner='2,2,2,2' mask='#FFFF00FF'&quot; railpushedimage=&quot;file='scrollbar\scrollbar.png' source='36,54,52,70' corner='2,2,2,2' mask='#FFFF00FF'&quot; raildisabledimage=&quot;file='scrollbar\scrollbar.png' source='54,54,70,70' corner='2,2,2,2' mask='#FFFF00FF'&quot; bknormalimage=&quot;file='scrollbar\scrollbar.png' source='0,72,16,88' corner='2,2,2,2' mask='#FFFF00FF'&quot; bkhotimage=&quot;file='scrollbar\scrollbar.png' source='18,72,34,88' corner='2,2,2,2' mask='#FFFF00FF'&quot; bkpushedimage=&quot;file='scrollbar\scrollbar.png' source='36,72,52,88' corner='2,2,2,2' mask='#FFFF00FF'&quot; bkdisabledimage=&quot;file='scrollbar\scrollbar.png' source='54,72,70,88' corner='2,2,2,2' mask='#FFFF00FF'&quot; " />

	<!-- WinFrom -->
	<VerticalLayout name="vlayout_background" bkimage="file='bk\background.png' corner='20,20,160,160'">
		
		<!-- Title -->
		<HorizontalLayout height="58"> 
			<HorizontalLayout name="hlayout_title" >
				<Label float="true" pos="11,16,0,0" width="200" height="42" bkimage="file='bk\title_right.png' source='0,0,3,42'" />					
				<Label float="true" pos="200,16,0,0" width="52" height="42" bkimage="file='bk\title_right.png'" />			
				<Label float="true" pos="50,26,0,0" width="16" height="19" bkimage="file='bk\title_ico.png'" />			
				<Label name="LbTitle" text="页面范围选项" padding="70,19,0,0" width="210" height="31" textcolor="#ffffff" font="0"/>						
				<Button name="BtnClose" padding="120,33.5,0,0" width="12" height="12" cursor="hand" normalimage="file='title\close_new.png'" hotimage="file='title\close_new.png'" pushedimage="file='title\close_new.png'" />
			</HorizontalLayout>		        
		</HorizontalLayout>
		
		<HorizontalLayout padding="20,10,0,0" width="400" height="50" >
			<CheckBox name="CBAllPage" padding="10,12,0,0" width="17" height="17" group="PageOption"
						normalimage="file='checkbox\radiobox.png' "
						selectedimage="file='checkbox\radiobox_select.png'"	/>
			<Label name="LbAllPage" padding="5,5,0,0" text="所有页面" font="3" textcolor="#333333"  width="400" height="25" />
		</HorizontalLayout>
		
		<HorizontalLayout padding="20,0,0,0" width="400" height="50" >
			<CheckBox name="CBPageFromTo" padding="10,12,0,0" width="17" height="17" group="PageOption"
						normalimage="file='checkbox\radiobox.png' "
						selectedimage="file='checkbox\radiobox_select.png'"	/>
			<Label name="LbPageFrom" padding="5,5,0,0" text="页面，从:" font="3" textcolor="#333333"  width="100" height="25" />
			<Edit name="EdPageFrom" text="" textcolor="#333333" padding="2,5,0,0" width="50" height="25" textpadding="5,4,1,1"  font="2" 
					normalimage="file='edit\edit_normal.png' corner='2,2,23,2'" 
					hotimage="file='edit\edit_horver.png' corner='2,2,23,2'" 
					pushedimage="file='edit\edit_push.png' corner='2,2,23,2'"/>
			<Button name="BtnPageFromUp" padding="4,7,0,0" text="" width="13" height="12" font="1" textcolor="#2D2D2D" bkimage="file='button\TrangleUp.png'"/>
			<Button name="BtnPageFromDown" padding="-13,19,0,0" text="" width="13" height="12" font="1" textcolor="#2D2D2D" bkimage="file='button\TrangleDown.png'" />
			
			<Label name="LbPageTo" padding="5,5,0,0" text="到:" font="3" textcolor="#333333"  width="50" height="25" />
			<Edit name="EdPageTo" text="" textcolor="#333333" padding="2,5,0,0" width="50" height="25" textpadding="5,4,1,1"  font="2" 
					normalimage="file='edit\edit_normal.png' corner='2,2,23,2'" 
					hotimage="file='edit\edit_horver.png' corner='2,2,23,2'" 
					pushedimage="file='edit\edit_push.png' corner='2,2,23,2'"/>
			<Button name="BtnPageToUp" padding="4,7,0,0" text="" width="13" height="12" font="1" textcolor="#2D2D2D" bkimage="file='button\TrangleUp.png'"/>
			<Button name="BtnPageToDown" padding="-13,19,0,0" text="" width="13" height="12" font="1" textcolor="#2D2D2D" bkimage="file='button\TrangleDown.png'" />
		</HorizontalLayout>

		<HorizontalLayout padding="20,0,0,0" width="400" height="50">
			<Label name="LbSubset" text="子集:" width="60" height="20" padding="10,10,0,0" textcolor="#333333" disabledtextcolor="#FFA7A6AA" font="2" />
			<Combo name="CoBSubset" padding="2,5,0,0" width="150" height="30" textpadding="4,1,20,1" font="2"
					normalimage="file='combo\combo_wm_sign.png' corner='7,7,23,7'" 
					hotimage="file='combo\combo_wm_horver.png' corner='7,7,23,7'"
					pushedimage="file='combo\combo_wm_horver.png' corner='7,7,23,7'"
					focusedimage="file='combo\combo_wm_horver.png' corner='7,7,23,7'"
					itemfont="1" 
					itemtextpadding="8,2,1,1"
					itemselectedtextcolor="#CD210F" 		
					itemtextcolor="#333333" 
					itemhottextcolor="#333333"
					itembkcolor="#FFFFFFFF"
					itemselectedbkcolor="#FFFAF1F0"
					itemhotbkcolor="#FFFAF1F0"				
					dropboxsize="0,200"						
					showbutton="false">	
			</Combo>						
			<!-- <Edit name="EditFontSize" textcolor="#333333" padding="-78,6,0,0"  width="60" height="28" textpadding="6,6,4,3"  bkcolor="#FFFFFF" font="1" /> -->
		</HorizontalLayout>
		
		<HorizontalLayout width="400" height="50" padding="30,0,0,0">
			<Button name="BtnOK" text="确定" padding="220,10,0,0" font="3" cursor="hand" width="80" height="36" textcolor="#ffffff" normalimage="file='button\btn1_normal.png'" hotimage="file='button\btn1_horver.png'" pushedimage="file='button\btn1_down.png'" disabledimage="file='button\btn_disabled.png'"/>
			<Button name="BtnCancel" text="关闭" padding="10,10,0,0" font="3" width="80" cursor="hand" height="36" textcolor="#CD210F" normalimage="file='button\btn2_normal.png'" hotimage="file='button\btn2_horver.png'" pushedimage="file='button\btn2_down.png'" disabledimage="file='button\btn_disabled.png'"/>
		</HorizontalLayout>
    </VerticalLayout>
</Window>